"Feature","Gain","Cover","Frequency","Gene Symbol","Gene Title","ENTREZ_GENE_ID","logFC","P.Value","adj.P.Val"
"206848_at",0.0834866476136321,0.0712077882404428,0.0457142857142857,"COX20","COX20 cytochrome C oxidase assembly factor","116228",-0.292395785541383,5.9284547170884e-06,0.00960865696639987
"211211_x_at",0.0617452034081028,0.0471161597362923,0.0228571428571429,"SH2D1A","SH2 domain containing 1A","4068",-0.236651896144772,1.21557086490503e-05,0.0168816619308429
"227232_at",0.056980115169853,0.0396966861120904,0.0228571428571429,"EVL","Enah/Vasp-like","51466",-0.275420784638288,4.06379647942505e-06,0.00844988327964142
"209954_x_at",0.0526224130309987,0.0394222025310839,0.0228571428571429,"SS18","synovial sarcoma translocation, chromosome 18","6760",-0.209627581148161,1.95448244728387e-06,0.00703593180187365
"220570_at",0.0364425452136003,0.0356180945701502,0.0266666666666667,"RETN","resistin","56729",0.248423070062103,1.17166573656163e-06,0.00703593180187365
"201785_at",0.0315668919328765,0.0385079033528302,0.0285714285714286,"RNASE1","ribonuclease, RNase A family, 1 (pancreatic)","6035",0.297004117771487,0.000383981798385553,0.0558032902804294
"216451_at",0.0301133432383342,0.0342161203151994,0.0342857142857143,"STK38","serine/threonine kinase 38","11329",-0.192509752400509,3.38391996438178e-05,0.0223099367212693
"227558_at",0.0277193896162963,0.0320268555809067,0.0342857142857143,"CBX4","chromobox homolog 4","8535",0.165403538322775,0.000145383246533414,0.0397009725624912
"235697_at",0.0213066972757134,0.0158878219143791,0.0133333333333333,"","","",-0.229667788759907,0.000133657832719932,0.0385716128415074
"217464_at",0.0198839661430119,0.0145739593376087,0.0133333333333333,"","","",-0.146613221936106,0.000355178539988294,0.0539345686066497
"229671_s_at",0.0194537129640423,0.0239988480562139,0.019047619047619,"MIS18A","MIS18 kinetochore protein A","54069",-0.23436671156158,0.00027161633601194,0.0496275561211014
"216384_x_at",0.0193676701116171,0.0180306197078296,0.0114285714285714,"LOC100506248 /// LOC728026 /// MIR1244-1 /// MIR1244-2 /// MIR1244-3 /// PTMA","prothymosin alpha-like /// prothymosin alpha-like /// microRNA 1244-1 /// microRNA 1244-2 /// microRNA 1244-3 /// prothymosin, alpha","5757 /// 728026 /// 100302285 /// 100422872 /// 100422885 /// 100506248",-0.102585880660376,0.000102358158429609,0.036821947517259
"206090_s_at",0.0184725724026011,0.0219121193380503,0.0266666666666667,"DISC1 /// TSNAX-DISC1","disrupted in schizophrenia 1 /// TSNAX-DISC1 readthrough (NMD candidate)","27185 /// 100303453",0.220884328926746,0.000376407551334653,0.0549982298385243
"237299_at",0.0184432760315078,0.0195040706045228,0.019047619047619,"NARF","nuclear prelamin A recognition factor","26502",0.364221184874686,0.000401133459567118,0.055898207469101
"227957_at",0.018043260095561,0.0266569687483345,0.0266666666666667,"GSN","gelsolin","2934",0.218033620469204,2.98000085019975e-05,0.0201381007454373
"211209_x_at",0.0176140427914044,0.01665497343149,0.0152380952380952,"SH2D1A","SH2 domain containing 1A","4068",-0.251014337053516,3.032725756806e-06,0.00745250999383846
"226733_at",0.0158861555295291,0.0179078664469451,0.0152380952380952,"PFKFB2","6-phosphofructo-2-kinase/fructose-2,6-biphosphatase 2","5208",0.360717780694177,2.91412340646897e-06,0.00745250999383846
"1556151_at",0.0157459575997242,0.0262319087316158,0.0247619047619048,"ITFG1","integrin alpha FG-GAP repeat containing 1","81533",0.176820402833087,7.53759048477085e-05,0.0327635123065726
"205633_s_at",0.0149867529308205,0.0152372925708406,0.0133333333333333,"ALAS1","aminolevulinate, delta-, synthase 1","211",0.178188643224272,0.000243923856343691,0.0474352932433547
"222043_at",0.0138364580185579,0.0127351427631895,0.0133333333333333,"CLU","clusterin","1191",0.282425536051325,0.00036314200312272,0.0539345686066497
"201736_s_at",0.0137836181015761,0.0137793870178458,0.00952380952380952,"MARCH6","membrane-associated ring finger (C3HC4) 6, E3 ubiquitin protein ligase","10299",0.126328175878211,0.000350685558070643,0.0539345686066497
"225016_at",0.013337459379621,0.00780876165856389,0.00571428571428571,"APCDD1","adenomatosis polyposis coli down-regulated 1","147495",0.315032385587043,0.000161063959369477,0.0406889708945451
"1556055_at",0.0127696923884558,0.0104281677282351,0.00761904761904762,"","","",0.201983727435902,0.000103486754155479,0.036821947517259
"213698_at",0.0112918389803448,0.00945947628636742,0.0152380952380952,"ZMYM6 /// ZMYM6NB","zinc finger, MYM-type 6 /// ZMYM6 neighbor","9204 /// 100506144",-0.168457120201194,4.94686628309411e-05,0.0257693121467378
"206666_at",0.0109680359599234,0.0119591296643149,0.0133333333333333,"GZMK","granzyme K (granzyme 3; tryptase II)","3003",-0.406909967631248,5.9375149787842e-07,0.0055489050314772
"217959_s_at",0.0105254621660506,0.0115302596371329,0.0152380952380952,"MIR3656 /// TRAPPC4","microRNA 3656 /// trafficking protein particle complex 4","51399 /// 100500840",-0.12225645088791,0.0003417403568703,0.0539345686066497
"200663_at",0.0104775681220711,0.0181154842268974,0.0152380952380952,"CD63","CD63 molecule","967",0.139927904357551,0.000288743532031864,0.051013244538257
"232033_at",0.010343256937198,0.0125062634496062,0.0133333333333333,"USP37","ubiquitin specific peptidase 37","57695",-0.143409224482843,0.000369831739912479,0.0543310965302946
"1554239_s_at",0.00972608501282337,0.0087756228550107,0.00952380952380952,"ZADH2","zinc binding alcohol dehydrogenase domain containing 2","284273",-0.224344719122398,4.38857308628104e-05,0.0252398976798432
"225330_at",0.00854525354122448,0.0137342947181323,0.0114285714285714,"IGF1R","insulin-like growth factor 1 receptor","3480",0.228392628897572,0.000256614993116744,0.0485074117408301
"1560963_a_at",0.00831485209054647,0.00978614064967323,0.0133333333333333,"LOC100506379","uncharacterized LOC100506379","100506379",-0.279531120585241,4.6878460693945e-05,0.0257693121467378
"230267_at",0.00810339684742936,0.00532864916436091,0.00571428571428571,"RP11-173M1.8","","",0.290420005366758,2.06936367186037e-05,0.0178987091029274
"235927_at",0.0079871745549405,0.0114458687273379,0.00952380952380952,"XPO1","exportin 1","7514",-0.210506767669748,3.47318734256467e-05,0.0223532683468727
"210479_s_at",0.00791114878364924,0.00874326085941757,0.00952380952380952,"RORA","RAR-related orphan receptor A","6095",-0.273034429952327,1.73872217712437e-06,0.00703593180187365
"1559425_at",0.0073454695666929,0.0104631514055708,0.0133333333333333,"","","",-0.226837088654949,0.00027377375735521,0.0496275561211014
"202934_at",0.00721579807083049,0.00724197582834347,0.00952380952380952,"HK2","hexokinase 2","3099",0.238619595802139,2.75604077351079e-05,0.0196663260882338
"217958_at",0.00706143097604164,0.00495142681548697,0.00571428571428571,"MIR3656 /// TRAPPC4","microRNA 3656 /// trafficking protein particle complex 4","51399 /// 100500840",-0.141116064446072,3.40967211347306e-06,0.00768057057494086
"212531_at",0.00677643663349107,0.0061752276963937,0.00380952380952381,"LCN2","lipocalin 2","3934",0.696061614409086,7.24850942982518e-05,0.0327635123065726
"208744_x_at",0.00672097784184385,0.00359145113488474,0.00380952380952381,"HSPH1","heat shock 105kDa/110kDa protein 1","10808",-0.276855396993325,2.53738367834982e-05,0.0195965766312783
"213817_at",0.00636141424811206,0.00302707073093328,0.0019047619047619,"IRAK3","interleukin-1 receptor-associated kinase 3","11213",0.398381137538598,0.000401178359994288,0.055898207469101
"228408_s_at",0.00605229203470936,0.00293115604642544,0.00761904761904762,"SDAD1","SDA1 domain containing 1","55153",-0.194341731373423,0.000201038503720357,0.0460531507971608
"240327_at",0.00594998480310663,0.00820681498718464,0.00761904761904762,"","","",-0.268872131203266,0.000279497235222984,0.0500337070550496
"206697_s_at",0.00593590663486043,0.00796032053995741,0.00952380952380952,"HP","haptoglobin","3240",0.468606312114749,6.86381245278099e-05,0.0327635123065726
"224580_at",0.00552951692112765,0.00576008490128054,0.00761904761904762,"SLC38A1","solute carrier family 38, member 1","81539",-0.188059912038997,0.000392133292367885,0.055898207469101
"204970_s_at",0.00536514018518973,0.00394774817356995,0.00571428571428571,"MAFG","v-maf avian musculoaponeurotic fibrosarcoma oncogene homolog G","4097",0.270505879413215,6.15837930318213e-07,0.0055489050314772
"200032_s_at",0.00529743060003553,0.00482473946633793,0.0019047619047619,"RPL9","ribosomal protein L9","6133",-0.252933103442009,0.000275392453781407,0.0496275561211014
"228285_at",0.0050736867911807,0.0069625377463667,0.00761904761904762,"TDRD9","tudor domain containing 9","122402",0.478986082486734,1.51630469137783e-05,0.0178205357011452
"219024_at",0.00494912713721329,0.00167985275333495,0.0019047619047619,"PLEKHA1","pleckstrin homology domain containing, family A (phosphoinositide binding specific) member 1","59338",-0.351184222694622,7.87846657514417e-05,0.0327635123065726
"210714_at",0.00489777750642659,0.00485793243092773,0.00761904761904762,"R3HDM1","R3H domain containing 1","23518",-0.282399304336663,0.000131537366085245,0.0385716128415074
"232645_at",0.00470142600485123,0.00409836492478213,0.00380952380952381,"LOC153684","uncharacterized LOC153684","153684",-0.258858706321197,2.71418217620076e-05,0.0196663260882338
"1558027_s_at",0.00457679738794737,0.00548445526411656,0.00952380952380952,"PRKAB2","protein kinase, AMP-activated, beta 2 non-catalytic subunit","5565",-0.270323445851174,0.000358764999388542,0.0539345686066497
"235352_at",0.00452755355902505,0.00296023761283297,0.00380952380952381,"MR1","major histocompatibility complex, class I-related","3140",0.234303823968947,0.000178924893409139,0.0418958326283657
"219006_at",0.0044759978978888,0.0044595409218015,0.00380952380952381,"NDUFAF4","NADH dehydrogenase (ubiquinone) complex I, assembly factor 4","29078",-0.210158845336993,0.000356259883920645,0.0539345686066497
"210426_x_at",0.00441021412419639,0.00313813856369211,0.00380952380952381,"RORA","RAR-related orphan receptor A","6095",-0.244385402775602,1.46747468604903e-06,0.00703593180187365
"205863_at",0.00440055158695566,0.00317630970971576,0.00380952380952381,"S100A12","S100 calcium binding protein A12","6283",0.308893492161236,0.000100559687655515,0.036821947517259
"222639_s_at",0.00438540749780379,0.00538207933574983,0.00761904761904762,"LOC101928290 /// LOC101928317","uncharacterized LOC101928290 /// uncharacterized LOC101928317","101928290 /// 101928317",0.267297383465296,0.000130868281460761,0.0385716128415074
"218454_at",0.0043198137298782,0.00305464379309532,0.0019047619047619,"PLBD1","phospholipase B domain containing 1","79887",0.196309635301014,6.95846301723907e-05,0.0327635123065726
"206804_at",0.0042997060262217,0.00263384254141115,0.00380952380952381,"CD3G","CD3g molecule, gamma (CD3-TCR complex)","917",-0.237209752343878,0.000265912025141981,0.0496275561211014
"206237_s_at",0.00424356075289591,0.00520444650253681,0.00761904761904762,"NRG1","neuregulin 1","3084",0.380159994213752,0.000166149752666221,0.0408024481007032
"215921_at",0.0041493153171792,0.00389561122948436,0.00571428571428571,"NPIPA5 /// NPIPB3 /// NPIPB6 /// NPIPB8","nuclear pore complex interacting protein family, member A5 /// nuclear pore complex interacting protein family, member B3 /// nuclear pore complex interacting protein family, member B6 /// nuclear pore complex interacting protein family, member B8","23117 /// 728734 /// 728741 /// 100288332",-0.302238624898597,7.04535549442897e-05,0.0327635123065726
"212768_s_at",0.00396458936423058,0.00403643640254273,0.00380952380952381,"OLFM4","olfactomedin 4","10562",1.01155804795146,0.000239302794101241,0.0472972666516238
"228180_at",0.00381543884343108,0.00487036173874171,0.00571428571428571,"","","",-0.232618906300307,0.000349435142180672,0.0539345686066497
"230559_x_at",0.00375743185697447,0.00468823509721465,0.00571428571428571,"FGD4","FYVE, RhoGEF and PH domain containing 4","121512",0.315990470342996,0.000329651749391475,0.0539345686066497
"219759_at",0.00367246122082677,0.00248495955240844,0.00571428571428571,"ERAP2","endoplasmic reticulum aminopeptidase 2","64167",-0.259816289904567,0.000309051987140764,0.0530911254552978
"206559_x_at",0.00366175737186101,0.00545803217223817,0.00380952380952381,"","","",-0.0802089892532378,1.94099122288512e-05,0.0178987091029274
"224610_at",0.00360853000336075,0.0018360488957685,0.0019047619047619,"SNHG1 /// SNORD22 /// SNORD25 /// SNORD26 /// SNORD27 /// SNORD28 /// SNORD29 /// SNORD30 /// SNORD31","small nucleolar RNA host gene 1 (non-protein coding) /// small nucleolar RNA, C/D box 22 /// small nucleolar RNA, C/D box 25 /// small nucleolar RNA, C/D box 26 /// small nucleolar RNA, C/D box 27 /// small nucleolar RNA, C/D box 28 /// small nucleolar RNA, C/D box 29 /// small nucleolar RNA, C/D box 30 /// small nucleolar RNA, C/D box 31","9297 /// 9298 /// 9299 /// 9300 /// 9301 /// 9302 /// 9303 /// 9304 /// 23642",-0.160589610868774,0.000340566399585891,0.0539345686066497
"202747_s_at",0.00347956759528472,0.00401891755640391,0.00571428571428571,"ITM2A","integral membrane protein 2A","9452",-0.245410572374779,0.000107302171417001,0.036821947517259
"1562529_s_at",0.00322037597863618,0.0023169173069678,0.00380952380952381,"","","",-0.190388892484628,0.000167259524807699,0.0408024481007032
"201049_s_at",0.00302844697574461,0.00344699639258187,0.00380952380952381,"RPS18","ribosomal protein S18","6222",-0.15260364577618,4.94038333014981e-05,0.0257693121467378
"202656_s_at",0.00289579261826591,0.0036376530893818,0.00380952380952381,"SERTAD2","SERTA domain containing 2","9792",-0.126225533591055,7.51013285516737e-05,0.0327635123065726
"1558136_s_at",0.00287897825251635,0.00227829544930983,0.00571428571428571,"TAF11","TAF11 RNA polymerase II, TATA box binding protein (TBP)-associated factor, 28kDa","6882",-0.191713835276354,0.000226985556527901,0.0468677424503648
"230998_at",0.0028770272595674,0.00417743966834414,0.00380952380952381,"CBX3","chromobox homolog 3","11335",-0.135906490975769,7.81024448957075e-05,0.0327635123065726
"219717_at",0.00281204156732624,0.00102315924811767,0.0019047619047619,"DCAF16","DDB1 and CUL4 associated factor 16","54876",-0.337625686571753,9.02681242795762e-05,0.0348576809628746
"242633_x_at",0.00278095874141041,0.00250979487898539,0.0019047619047619,"ZNF75A","zinc finger protein 75a","7627",-0.143596960109503,2.23080532718907e-05,0.0182729996361357
"233881_s_at",0.0026773683985752,0.00359062212295118,0.00380952380952381,"TOLLIP","toll interacting protein","54472",0.159082224498247,0.000148013177826804,0.0397974038462678
"208470_s_at",0.00266244121359689,0.00192595637505904,0.0019047619047619,"HP /// HPR","haptoglobin /// haptoglobin-related protein","3240 /// 3250",0.369943212911434,0.000216103769788518,0.0468677424503648
"1562697_at",0.00265825965596077,0.00318440490556551,0.00571428571428571,"LOC339988","uncharacterized LOC339988","339988",-0.286819065845586,0.000124405180066358,0.0375732051169894
"225056_at",0.00265241182787265,0.00241669405981765,0.00380952380952381,"SIPA1L2","signal-induced proliferation-associated 1 like 2","57568",0.346916015897069,0.000408878420434471,0.0563897580753275
"218865_at",0.00252427411350135,0.0054945008690621,0.00571428571428571,"MARC1","mitochondrial amidoxime reducing component 1","64757",0.345394519783208,2.03440786960213e-05,0.0178987091029274
"231500_s_at",0.00250807240188845,0.00144372897923589,0.00380952380952381,"BOLA2","bolA family member 2","552900",-0.116267199433492,0.000113167629060028,0.0370788992596051
"220034_at",0.00247416123711849,0.00326892126310591,0.00380952380952381,"IRAK3","interleukin-1 receptor-associated kinase 3","11213",0.284479474633416,0.00020877493772042,0.0468677424503648
"226956_at",0.00245676454947819,0.00139467812796905,0.00380952380952381,"MTMR3","myotubularin related protein 3","8897",0.195350656702135,0.000113852563299442,0.0370788992596051
"208530_s_at",0.00233283128500407,0.00177604651504232,0.00571428571428571,"RARB","retinoic acid receptor, beta","5915",-0.17043472757651,0.000346938841412208,0.0539345686066497
"223254_s_at",0.00229943891610041,0.00136294748093533,0.0019047619047619,"G2E3","G2/M-phase specific E3 ubiquitin protein ligase","55632",-0.184622326271789,0.000427048251113729,0.0581631462449372
"209409_at",0.00214349325683475,0.00175276822787599,0.00380952380952381,"GRB10","growth factor receptor-bound protein 10","2887",0.347630776315338,5.88481436412876e-06,0.00960865696639987
"224741_x_at",0.00204565759920046,0.000788310353855292,0.0019047619047619,"GAS5 /// SNORD44 /// SNORD47 /// SNORD74 /// SNORD76 /// SNORD77 /// SNORD79 /// SNORD80 /// SNORD81","growth arrest-specific 5 (non-protein coding) /// small nucleolar RNA, C/D box 44 /// small nucleolar RNA, C/D box 47 /// small nucleolar RNA, C/D box 74 /// small nucleolar RNA, C/D box 76 /// small nucleolar RNA, C/D box 77 /// small nucleolar RNA, C/D box 79 /// small nucleolar RNA, C/D box 80 /// small nucleolar RNA, C/D box 81","26769 /// 26770 /// 26774 /// 26802 /// 26806 /// 60674 /// 619498 /// 692196 /// 692197",-0.240051422706287,2.03105986455421e-05,0.0178987091029274
"226865_at",0.00191903034482932,0.00152212393692651,0.00380952380952381,"PLXDC2","plexin domain containing 2","84898",0.233407538404774,0.000119951154831464,0.0375732051169894
"219442_at",0.00188584042935942,0.00116319024496585,0.0019047619047619,"CLUHP3","clustered mitochondria (cluA/CLU1) homolog pseudogene 3","100132341",-0.185558837554992,0.000226841952992667,0.0468677424503648
"217374_x_at",0.00185636521247663,0.00330051687278502,0.00380952380952381,"","","",-0.226415513587225,0.000366838233707282,0.0541858158215384
"200093_s_at",0.00184101380528552,0.00133796517891879,0.0019047619047619,"HINT1","histidine triad nucleotide binding protein 1","3094",-0.206535843200344,0.000145403288213038,0.0397009725624912
"236685_at",0.00182319575696505,0.00258921328282958,0.00761904761904762,"","","",-0.140533357076126,0.000221517641146147,0.0468677424503648
"226991_at",0.00179455181531205,0.00169933825219338,0.0019047619047619,"NFATC2","nuclear factor of activated T-cells, cytoplasmic, calcineurin-dependent 2","4773",-0.166720762029982,3.58324934217194e-05,0.0225253053414534
"1553118_at",0.00177944521223767,0.00153017529456259,0.0019047619047619,"THEM4","thioesterase superfamily member 4","117145",-0.293892249256932,0.000145106362896241,0.0397009725624912
"236462_at",0.00162994844598961,0.00231375625863193,0.0019047619047619,"","","",-0.236555518241142,0.000165805329502085,0.0408024481007032
"1555691_a_at",0.00160376799778007,0.00186310294479367,0.00380952380952381,"KLRC4-KLRK1 /// KLRK1","KLRC4-KLRK1 readthrough /// killer cell lectin-like receptor subfamily K, member 1","22914 /// 100528032",-0.335874245449733,0.000318575037353511,0.0539345686066497
"204620_s_at",0.00141140647423107,0.00160939094666854,0.0019047619047619,"VCAN","versican","1462",0.152824520374505,0.000105939317495574,0.036821947517259
"225496_s_at",0.00134332689290747,0.00206834387159842,0.00380952380952381,"SYTL2","synaptotagmin-like 2","54843",-0.349447662608844,0.000211128187518962,0.0468677424503648
"212705_x_at",0.0012729140178752,0.000808019642880394,0.0019047619047619,"PNPLA2","patatin-like phospholipase domain containing 2","57104",0.158090807442812,0.000302342598628274,0.0523886075866722
"242794_at",0.00122787363731364,0.0012929118247612,0.0019047619047619,"MAML3","mastermind-like 3 (Drosophila)","55534",0.283715154855118,4.12969297160382e-05,0.0242673327642224
"210999_s_at",0.00117966453859129,0.00406705582914238,0.00380952380952381,"GRB10","growth factor receptor-bound protein 10","2887",0.342287620450487,0.000397590488524016,0.055898207469101
"213650_at",0.00111004158964226,0.00277296722233291,0.00380952380952381,"GOLGA8A /// GOLGA8B /// LOC101930583","golgin A8 family, member A /// golgin A8 family, member B /// uncharacterized LOC101930583","23015 /// 440270 /// 101930583",-0.179878169030233,0.000340933376737066,0.0539345686066497
"215049_x_at",0.00109932829761882,0.000934058274534914,0.0019047619047619,"CD163","CD163 molecule","9332",0.243128180620422,0.000269444152638156,0.0496275561211014
"207809_s_at",0.00109401800843574,0.00064808423781501,0.0019047619047619,"ATP6AP1","ATPase, H+ transporting, lysosomal accessory protein 1","537",0.177797174175178,0.000108096503497119,0.036821947517259
"1557073_s_at",0.00104194483912287,0.00185309667681665,0.00380952380952381,"TTBK2","tau tubulin kinase 2","146057",-0.211233900044547,0.000243676694247069,0.0474352932433547
"234402_at",0.00098961313033664,0.000711503944291364,0.0019047619047619,"TCRVA15 /// TRAV5 /// TRAV5 /// YME1L1","Homo sapiens mRNA for T cell receptor alpha variable 5, partial cds, clone: SEB 96. /// T cell receptor alpha variable 5 ///  /// YME1-like 1 ATPase","10730",-0.305628298685967,0.000107097446506634,0.036821947517259
"1554503_a_at",0.000989379843888762,0.00179417772622837,0.0019047619047619,"OSCAR","osteoclast associated, immunoglobulin-like receptor","126014",0.27839233440773,4.95728693585277e-05,0.0257693121467378
"204661_at",0.000876325482639208,0.00188798915501149,0.0019047619047619,"CD52","CD52 molecule","1043",-0.224984163197504,0.000430704869706921,0.0581631462449372
"232774_x_at",0.000870609571205453,0.00145472816318197,0.0019047619047619,"ZIK1","zinc finger protein interacting with K protein 1","284307",-0.21469834289525,0.000125100383283232,0.0375732051169894
"218910_at",0.000864020606165472,0.00120119680198192,0.0019047619047619,"ANO10","anoctamin 10","55129",0.211374057865924,0.000159144394602557,0.0406889708945451
"212391_x_at",0.000859250717420078,0.00151429852222653,0.0019047619047619,"RPS3A /// SNORD73A","ribosomal protein S3A /// small nucleolar RNA, C/D box 73A","6189 /// 8944",-0.286662197085419,0.000141973836079341,0.0397009725624912
"211937_at",0.000848030647967386,0.000928945055746442,0.0019047619047619,"EIF4B","eukaryotic translation initiation factor 4B","1975",-0.156357638705855,0.000361296052435029,0.0539345686066497
"212790_x_at",0.000838017143749259,0.00184826723217918,0.0019047619047619,"RPL13A /// RPL13AP5 /// SNORD32A /// SNORD33 /// SNORD34 /// SNORD35A","ribosomal protein L13a /// ribosomal protein L13a pseudogene 5 /// small nucleolar RNA, C/D box 32A /// small nucleolar RNA, C/D box 33 /// small nucleolar RNA, C/D box 34 /// small nucleolar RNA, C/D box 35A","23521 /// 26816 /// 26817 /// 26818 /// 26819 /// 728658",-0.0882947463219505,0.000239382114113745,0.0472972666516238
"222628_s_at",0.000811458615540625,0.00136917240942365,0.0019047619047619,"REV1","REV1, polymerase (DNA directed)","51455",-0.147051179544502,0.000346571506663096,0.0539345686066497
"219031_s_at",0.000699609961065846,0.0012187434384169,0.0019047619047619,"NIP7","NIP7, nucleolar pre-rRNA processing protein","51388",-0.143981552460343,0.000230420060282585,0.0471854897689284
"204448_s_at",0.000680855905421234,0.00215138793056088,0.0019047619047619,"PDCL","phosducin-like","5082",0.152893611091855,0.000295033295319241,0.0515441040430609
"206676_at",0.000679645190964353,0.0017437537994833,0.0019047619047619,"CEACAM8","carcinoembryonic antigen-related cell adhesion molecule 8","1088",0.751091194814974,0.000339215558464206,0.0539345686066497
"238968_at",0.000673717526115781,0.00128719514556265,0.0019047619047619,"","","",-0.43643088454231,2.87226529496863e-07,0.0055489050314772
"211210_x_at",0.000668761637749263,0.00142087791894655,0.00380952380952381,"SH2D1A","SH2 domain containing 1A","4068",-0.251315623732849,1.91904964974632e-05,0.0178987091029274
"223007_s_at",0.000665652868697132,0.00209194879259787,0.00380952380952381,"TMEM245","transmembrane protein 245","23731",-0.184418754307671,0.000123748476200359,0.0375732051169894
"1562698_x_at",0.000636616396305239,0.00091269761565728,0.0019047619047619,"LOC339988","uncharacterized LOC339988","339988",-0.264687642117857,0.000272301227231964,0.0496275561211014
"239018_at",0.000561381767248605,0.000860154776682603,0.0019047619047619,"DNAJC30","DnaJ (Hsp40) homolog, subfamily C, member 30","84277",-0.200603954003379,0.000134132352007018,0.0385716128415074
"225065_x_at",0.000544301207425894,0.000758893836096428,0.0019047619047619,"LRRC75A-AS1 /// SNORD49A /// SNORD49B /// SNORD65","LRRC75A antisense RNA 1 /// small nucleolar RNA, C/D box 49A /// small nucleolar RNA, C/D box 49B /// small nucleolar RNA, C/D box 65","26800 /// 125144 /// 692087 /// 692106",-0.124988935614221,3.73766104998595e-05,0.0229619808732205
"238940_at",0.0005292700772747,0.00121710557229983,0.0019047619047619,"KLF12","Kruppel-like factor 12","11278",-0.300087101180841,8.74354793638796e-05,0.0342531658360149
"236172_at",0.000508507941105114,0.00128379435699575,0.00380952380952381,"LTB4R","leukotriene B4 receptor","1241",0.263718982487249,0.000272821637442268,0.0496275561211014
"201154_x_at",0.000502824543835898,0.000465028969842078,0.0019047619047619,"RPL4 /// SNORD16 /// SNORD18A /// SNORD18B /// SNORD18C","ribosomal protein L4 /// small nucleolar RNA, C/D box 16 /// small nucleolar RNA, C/D box 18A /// small nucleolar RNA, C/D box 18B /// small nucleolar RNA, C/D box 18C","6124 /// 595097 /// 595098 /// 595099 /// 595100",-0.12476249019894,0.000171086189822146,0.041288739310181
"244606_at",0.000491922891426907,0.00124891518683006,0.00380952380952381,"","","",-0.218365185931753,0.000179790484439733,0.0418958326283657
"1560861_at",0.000449257332566353,0.00102592790529992,0.0019047619047619,"AC090627.1","","",-0.279977108568254,0.000338641413858503,0.0539345686066497
"205798_at",0.000402272826734155,0.00143536488291478,0.0019047619047619,"IL7R","interleukin 7 receptor","3575",-0.303216060983047,6.04295691719869e-06,0.00960865696639987
"200679_x_at",0.00036599875139277,0.00062781571800612,0.0019047619047619,"HMGB1","high mobility group box 1","3146",-0.125701929161378,0.00029556198907456,0.0515441040430609
"214474_at",0.000337916564364714,0.000425765440116794,0.0019047619047619,"PRKAB2","protein kinase, AMP-activated, beta 2 non-catalytic subunit","5565",-0.213721654961993,0.000167551024349009,0.0408024481007032
"213801_x_at",0.00033764883221777,0.0009329480326324,0.0019047619047619,"RPSA /// RPSAP19 /// RPSAP58 /// RPSAP9 /// SNORA6 /// SNORA62","ribosomal protein SA /// ribosomal protein SA pseudogene 19 /// ribosomal protein SA pseudogene 58 /// ribosomal protein SA pseudogene 9 /// small nucleolar RNA, H/ACA box 6 /// small nucleolar RNA, H/ACA box 62","3921 /// 6044 /// 388524 /// 574040 /// 653162 /// 730029",-0.139838010668003,4.59207133479199e-05,0.0257693121467378
"211584_s_at",0.000319940559442925,0.00158336601927995,0.00571428571428571,"NPAT","nuclear protein, ataxia-telangiectasia locus","4863",-0.244849995115048,0.000238519335675135,0.0472972666516238
"200089_s_at",0.0003115352007952,0.000882128779139028,0.0019047619047619,"RPL4 /// SNORD16 /// SNORD18A /// SNORD18B /// SNORD18C","ribosomal protein L4 /// small nucleolar RNA, C/D box 16 /// small nucleolar RNA, C/D box 18A /// small nucleolar RNA, C/D box 18B /// small nucleolar RNA, C/D box 18C","6124 /// 595097 /// 595098 /// 595099 /// 595100",-0.108068033188569,7.65885674834775e-05,0.0327635123065726
"239086_at",0.000303365131668196,0.000601640096758034,0.0019047619047619,"IDNK","idnK, gluconokinase homolog (E. coli)","414328",-0.228146277857899,2.86926008306394e-06,0.00745250999383846
"241435_at",0.000287415127619493,0.00045446875515166,0.0019047619047619,"","","",-0.19099282103512,0.000328955446207244,0.0539345686066497
"230097_at",0.00027665390492445,0.000690924740713702,0.0019047619047619,"GART","phosphoribosylglycinamide formyltransferase, phosphoribosylglycinamide synthetase, phosphoribosylaminoimidazole synthetase","2618",-0.24532585476048,0.000214251204161134,0.0468677424503648
"229295_at",0.000268492635010292,0.000542260893852779,0.0019047619047619,"IL17RA","interleukin 17 receptor A","23765",0.160886568601508,9.75279075302274e-05,0.0367297308903884
"1555355_a_at",0.000252164121732604,0.000556073747432637,0.0019047619047619,"ETS1","v-ets avian erythroblastosis virus E26 oncogene homolog 1","2113",-0.155998500563482,0.000420872600838283,0.0577492754987798
"1556375_at",0.000216867402861907,0.000772296684954664,0.0019047619047619,"","","",-0.14785329143205,0.000219879471754082,0.0468677424503648
"230296_at",0.000191158678306859,0.0013773173146764,0.0019047619047619,"C16orf52 /// LOC101930115 /// VWA3A","chromosome 16 open reading frame 52 /// von Willebrand factor A domain-containing protein 3A-like /// von Willebrand factor A domain containing 3A","146177 /// 730094 /// 101930115",-0.120268503557758,0.000356052536439974,0.0539345686066497
"213836_s_at",9.20286063861834e-05,0.00141679098405316,0.0019047619047619,"WIPI1","WD repeat domain, phosphoinositide interacting 1","55062",0.258887083094165,8.36700013002946e-05,0.0340545413641849
"219870_at",7.64076785902381e-05,0.000417576549870637,0.0019047619047619,"ATF7IP2","activating transcription factor 7 interacting protein 2","80063",-0.190847938994936,8.44087999482221e-05,0.0340545413641849
"201777_s_at",6.94295808813718e-05,0.000424261632822783,0.0019047619047619,"EFCAB14","EF-hand calcium binding domain 14","9813",-0.150432250104635,0.000174130305255471,0.041288739310181
"235023_at",1.4084463617992e-05,0.000674302963378102,0.0019047619047619,"VPS13C","vacuolar protein sorting 13 homolog C (S. cerevisiae)","54832",-0.135581118776707,0.000154769074106018,0.0406171149724249
"214470_at",1.06916874520692e-05,0.000618525196935134,0.0019047619047619,"KLRB1","killer cell lectin-like receptor subfamily B, member 1","3820",-0.257490281880858,0.00024999666508041,0.0482238133171297
